{"cameraMode":{"drawMode":0,"name":"Shaded","section":"Shading Mode"},"sceneLighting":false,"audioPlay":false,"sceneViewState":{"showFog":false,"showMaterialUpdate":false,"showSkybox":false,"showFlares":false,"showImageEffects":false,"showParticleSystems":true},"in2DMode":false,"pivot":{"x":1.0750603675842286,"y":-0.16982215642929078,"z":0.43568533658981326},"rotation":{"x":0.008299929089844227,"y":0.7221662998199463,"z":-0.00866749882698059,"w":0.6916154026985169},"size":4.075675010681152,"orthographic":false}