{"cameraMode":{"drawMode":0,"name":"Shaded","section":"Shading Mode"},"sceneLighting":false,"audioPlay":false,"sceneViewState":{"showFog":false,"showMaterialUpdate":false,"showSkybox":false,"showFlares":false,"showImageEffects":false,"showParticleSystems":true},"in2DMode":false,"pivot":{"x":7.379195690155029,"y":9.361424446105957,"z":0.8539682626724243},"rotation":{"x":-0.10764680802822113,"y":0.647520124912262,"z":-0.09310656040906906,"w":-0.7486394047737122},"size":8.058903694152832,"orthographic":false}