{"cameraMode":{"drawMode":0,"name":"Shaded","section":"Shading Mode"},"sceneLighting":true,"audioPlay":false,"sceneViewState":{"showFog":false,"showMaterialUpdate":false,"showSkybox":false,"showFlares":false,"showImageEffects":false,"showParticleSystems":true},"in2DMode":false,"pivot":{"x":-81.06212615966797,"y":-34.89736557006836,"z":24.3220157623291},"rotation":{"x":0.22514957189559937,"y":-0.5591098070144653,"z":0.16107694804668427,"w":0.7815101146697998},"size":116.43317413330078,"orthographic":false}