{"cameraMode":{"drawMode":0,"name":"Shaded","section":"Shading Mode"},"sceneLighting":false,"audioPlay":false,"sceneViewState":{"showFog":false,"showMaterialUpdate":false,"showSkybox":false,"showFlares":false,"showImageEffects":false,"showParticleSystems":true},"in2DMode":false,"pivot":{"x":11.43840503692627,"y":1.621358871459961,"z":-1.2516995668411255},"rotation":{"x":0.016310669481754304,"y":0.7333176732063294,"z":-0.017603248357772828,"w":0.6794625520706177},"size":16.095983505249025,"orthographic":false}