{"cameraMode":{"drawMode":0,"name":"Shaded","section":"Shading Mode"},"sceneLighting":true,"audioPlay":false,"sceneViewState":{"showFog":false,"showMaterialUpdate":false,"showSkybox":false,"showFlares":false,"showImageEffects":false,"showParticleSystems":true},"in2DMode":false,"pivot":{"x":-2.618208169937134,"y":0.3867993950843811,"z":2.5169718265533449},"rotation":{"x":0.09475397318601608,"y":-0.42505934834480288,"z":0.04479771852493286,"w":0.8990769982337952},"size":6.1578850746154789,"orthographic":false}