{"cameraMode":{"drawMode":0,"name":"Shaded","section":"Shading Mode"},"sceneLighting":false,"audioPlay":false,"sceneViewState":{"showFog":false,"showMaterialUpdate":false,"showSkybox":false,"showFlares":false,"showImageEffects":false,"showParticleSystems":true},"in2DMode":false,"pivot":{"x":11.290029525756836,"y":10.665266990661621,"z":-15.58562183380127},"rotation":{"x":-0.1841994822025299,"y":0.16048778593540193,"z":-0.030500683933496476,"w":-0.9692181944847107},"size":1.5710060596466065,"orthographic":false}