{"cameraMode":{"drawMode":0,"name":"Shaded","section":"Shading Mode"},"sceneLighting":true,"audioPlay":false,"sceneViewState":{"showFog":false,"showMaterialUpdate":false,"showSkybox":false,"showFlares":false,"showImageEffects":false,"showParticleSystems":true},"in2DMode":false,"pivot":{"x":2.4646859169006349,"y":3.0581626892089845,"z":-0.8769396543502808},"rotation":{"x":0.3068065643310547,"y":-0.13220812380313874,"z":0.0430799201130867,"w":0.9415598511695862},"size":2.8578836917877199,"orthographic":false}