{"cameraMode":{"drawMode":0,"name":"Shaded","section":"Shading Mode"},"sceneLighting":false,"audioPlay":false,"sceneViewState":{"showFog":false,"showMaterialUpdate":false,"showSkybox":false,"showFlares":false,"showImageEffects":false,"showParticleSystems":true},"in2DMode":false,"pivot":{"x":4.258000373840332,"y":0.4099999666213989,"z":-0.19150006771087647},"rotation":{"x":-0.229573056101799,"y":0.29431450366973879,"z":-0.07305707782506943,"w":-0.9248448014259338},"size":12.70124340057373,"orthographic":false}