{"cameraMode":{"drawMode":0,"name":"Shaded","section":"Shading Mode"},"sceneLighting":false,"audioPlay":false,"sceneViewState":{"showFog":false,"showMaterialUpdate":false,"showSkybox":false,"showFlares":false,"showImageEffects":false,"showParticleSystems":true},"in2DMode":false,"pivot":{"x":12.056793212890625,"y":10.341792106628418,"z":-11.96481704711914},"rotation":{"x":-0.24617260694503785,"y":0.4651692509651184,"z":-0.13643981516361237,"w":-0.8392859101295471},"size":0.6710060834884644,"orthographic":false}