{"cameraMode":{"drawMode":0,"name":"Shaded","section":"Shading Mode"},"sceneLighting":false,"audioPlay":false,"sceneViewState":{"showFog":false,"showMaterialUpdate":false,"showSkybox":false,"showFlares":false,"showImageEffects":false,"showParticleSystems":true},"in2DMode":false,"pivot":{"x":2.609121322631836,"y":6.022304534912109,"z":0.36793452501296999},"rotation":{"x":0.021565977483987809,"y":-0.7284792065620422,"z":0.02295740507543087,"w":0.6843435168266296},"size":4.242891311645508,"orthographic":false}